"x (km)","y (km)","z (km)"
2416.444829,-5402.030075,-2380.945449

